Name,Population,Median Housing Price per sqft
"Aberdeen, SD",42037,116
"Aberdeen, WA",77038,296
"Abilene, TX",179308,161
"Ada, OK",38141,114
"Adrian, MI",98567,149
"Akron, OH",697627,134
"Alamogordo, NM",68823,160
"Albany-Schenectady-Troy, NY",904617,218
"Albany, GA",145786,119
"Albany-Lebanon, OR",130467,269
"Albemarle, NC",64153,196
"Albert Lea, MN",30718,128
"Albertville, AL",99423,168
"Albuquerque, NM",919543,209
"Alexandria, LA",149189,116
"Alexandria, MN",39668,182
"Alice, TX",48714,124
"Allentown-Bethlehem-Easton, PA-NJ",871229,187
"Alma, MI",41100,116
"Alpena, MI",28847,139
"Altoona, PA",121032,101
"Altus, OK",24556,99
"Amarillo, TX",271171,159
"Americus, GA",33373,109
"Ames, IA",126282,212
"Amsterdam, NY",49623,131
"Anchorage, AK",400470,242
"Andrews, TX",18334,156
"Angola, IN",34725,196
"Ann Arbor, MI",366376,249
"Anniston-Oxford, AL",115788,112
"Appleton, WI",244845,195
"Arcadia, FL",35312,228
"Ardmore, OK",58728,138
"Arkadelphia, AR",21250,110
"Asheville, NC",476072,298
"Ashland, OH",52181,141
"Ashtabula, OH",97014,120
"Astoria, OR",41695,351
"Atchison, KS",16108,87
"Athens-Clarke County, GA",220405,203
"Athens, OH",58979,141
"Athens, TN",54719,179
"Athens, TX",84511,198
"Atlanta-Sandy Springs-Alpharetta, GA",6222106,196
"Atlantic City-Hammonton, NJ",275638,243
"Auburn-Opelika, AL",180773,184
"Auburn, IN",43731,170
"Auburn, NY",74998,135
"Augusta-Richmond County, GA-SC",624083,153
"Augusta-Waterville, ME",125540,216
"Austin-Round Rock-Georgetown, TX",2421115,271
"Austin, MN",40140,118
"Bainbridge, GA",28982,151
"Bakersfield, CA",916108,227
"Baltimore-Columbia-Towson, MD",2835672,212
"Bangor, ME",153704,180
"Baraboo, WI",65777,209
"Bardstown, KY",47392,190
"Barnstable Town, MA",232457,533
"Barre, VT",60048,249
"Bartlesville, OK",53242,108
"Batavia, NY",57535,130
"Batesville, AR",55755,120
"Baton Rouge, LA",873060,162
"Battle Creek, MI",133289,134
"Bay City, MI",102821,118
"Bay City, TX",36125,166
"Beatrice, NE",21583,125
"Beaumont-Port Arthur, TX",393575,125
"Beaver Dam, WI",88282,183
"Beckley, WV",112369,106
"Bedford, IN",45222,145
"Beeville, TX",30394,126
"Bellefontaine, OH",46040,177
"Bellingham, WA",230677,361
"Bemidji, MN",46799,178
"Bend, OR",206549,387
"Bennettsville, SC",26039,85
"Bennington, VT",37392,253
"Berlin, NH",31504,179
"Big Rapids, MI",40720,143
"Big Spring, TX",33672,126
"Big Stone Gap, VA",39030,84
"Billings, MT",190208,204
"Binghamton, NY",244889,111
"Birmingham-Hoover, AL",1116857,157
"Bismarck, ND",134846,178
"Blackfoot, ID",49923,168
"Blacksburg-Christiansburg, VA",165812,175
"Bloomington, IL",171141,124
"Bloomington, IN",161227,185
"Bloomsburg-Berwick, PA",83017,142
"Bluefield, WV-VA",104669,109
"Blytheville, AR",38896,76
"Bogalusa, LA",45025,115
"Boise City, ID",811336,283
"Boone, NC",55089,350
"Borger, TX",20215,88
"Boston-Cambridge-Newton, MA-NH",4900550,458
"Boulder, CO",327468,407
"Bowling Green, KY",185682,182
"Bozeman, MT",124857,471
"Bradford, PA",39866,87
"Brainerd, MN",99222,227
"Branson, MO",56821,214
"Breckenridge, CO",30565,815
"Bremerton-Silverdale-Port Orchard, WA",277673,314
"Brenham, TX",36159,201
"Brevard, NC",33355,304
"Bridgeport-Stamford-Norwalk, CT",962946,349
"Brookhaven, MS",34717,108
"Brookings, OR",23598,336
"Brookings, SD",35484,258
"Brownsville-Harlingen, TX",425208,170
"Brownwood, TX",38373,146
"Brunswick, GA",114442,224
"Bucyrus-Galion, OH",41522,106
"Buffalo-Cheektowaga, NY",1161192,171
"Burley, ID",47849,204
"Burlington-South Burlington, VT",227521,268
"Burlington, IA-IL",44444,106
"Burlington, NC",176353,187
"Butte-Silver Bow, MT",36068,202
"Cadillac, MI",49409,146
"Calhoun, GA",58954,169
"California-Lexington Park, MD",114877,200
"Cambridge, MD",32726,174
"Cambridge, OH",38098,125
"Camden, AR",26744,92
"Campbellsville, KY",37772,137
"Canon City, CO",49621,238
"Canton-Massillon, OH",399316,127
"Cape Coral-Fort Myers, FL",822453,276
"Cape Girardeau, MO-IL",98275,124
"Carbondale-Marion, IL",132693,95
"Carlsbad-Artesia, NM",60400,154
"Carson City, NV",58130,303
"Casper, WY",79601,163
"Cedar City, UT",62429,249
"Cedar Rapids, IA",275592,143
"Cedartown, GA",43709,163
"Celina, OH",42348,144
"Centralia, IL",36914,78
"Centralia, WA",85370,277
"Chambersburg-Waynesboro, PA",156902,167
"Champaign-Urbana, IL",223265,150
"Charleston-Mattoon, IL",56658,87
"Charleston-North Charleston, SC",830529,263
"Charleston, WV",251914,96
"Charlotte-Concord-Gastonia, NC-SC",2756069,218
"Charlottesville, VA",223825,258
"Chattanooga, TN-GA",574507,209
"Cheyenne, WY",100723,181
"Chicago-Naperville-Elgin, IL-IN-WI",9441957,205
"Chico, CA",207303,266
"Chillicothe, OH",76606,170
"Cincinnati, OH-KY-IN",2265051,179
"Lebanon, NH-VT",223072,256
"Clarksburg, WV",88955,118
"Clarksdale, MS",20197,38
"Clarksville, TN-KY",336605,189
"Clearlake, CA",68191,251
"Cleveland-Elyria, OH",2063132,129
"Cleveland, MS",29370,95
"Cleveland, TN",128479,198
"Clewiston, FL",41339,221
"Clinton, IA",46344,106
"Clovis, NM",47532,136
"Coeur d'Alene, ID",183578,344
"Coffeyville, KS",30996,67
"Coldwater, MI",44531,154
"College Station-Bryan, TX",277824,199
"Colorado Springs, CO",765424,226
"Columbia, MO",214630,184
"Columbia, SC",847686,149
"Columbus, GA-AL",324110,128
"Columbus, IN",83540,145
"Columbus, MS",57603,123
"Columbus, NE",34296,202
"Columbus, OH",2161511,196
"Concord, NH",156020,263
"Connersville, IN",23349,121
"Cookeville, TN",117415,206
"Coos Bay, OR",64990,265
"Cordele, GA",19708,136
"Corinth, MS",34204,110
"Cornelia, GA",47475,192
"Corning, NY",92599,110
"Corpus Christi, TX",421628,191
"Corsicana, TX",54636,165
"Cortland, NY",46126,116
"Corvallis, OR",97630,296
"Coshocton, OH",36571,122
"Craig, CO",13177,188
"Crawfordsville, IN",38273,115
"Crescent City, CA",27082,275
"Crestview-Fort Walton Beach-Destin, FL",299786,482
"Crossville, TN",63522,205
"Cullman, AL",90665,166
"Cullowhee, NC",56922,286
"Cumberland, MD-WV",94122,102
"Dallas-Fort Worth-Arlington, TX",7943685,206
"Dalton, GA",143604,172
"Danville, IL",72337,73
"Danville, KY",55264,145
"Danville, VA",102181,122
"Daphne-Fairhope-Foley, AL",246435,350
"Davenport-Moline-Rock Island, IA-IL",379374,128
"Dayton-Kettering, OH",812595,134
"Dayton, TN",33730,206
"Decatur, AL",157425,149
"Decatur, IL",101483,86
"Decatur, IN",36068,131
"Defiance, OH",38187,114
"Del Rio, TX",47606,142
"Deltona-Daytona Beach-Ormond Beach, FL",705897,245
"Deming, NM",25749,127
"Denver-Aurora-Lakewood, CO",2985871,298
"DeRidder, LA",36570,140
"Des Moines-West Des Moines, IA",729053,231
"Detroit-Warren-Dearborn, MI",4345761,174
"Dickinson, ND",33821,130
"Dixon, IL",33848,98
"Dodge City, KS",33848,188
"Dothan, AL",152517,132
"Douglas, GA",51355,133
"Dover, DE",186946,198
"Dublin, GA",65267,125
"DuBois, PA",77904,100
"Dubuque, IA",98677,151
"Duluth, MN-WI",291323,182
"Dumas, TX",20996,116
"Duncan, OK",43710,102
"Durango, CO",56607,445
"Durant, OK",48182,175
"Durham-Chapel Hill, NC",664310,250
"Dyersburg, TN",36410,105
"Eagle Pass, TX",57843,171
"East Stroudsburg, PA",167198,186
"Easton, MD",37932,304
"Eau Claire, WI",173644,176
"Edwards, CO",55285,650
"Effingham, IL",34325,128
"El Campo, TX",41824,143
"El Centro, CA",178713,213
"El Dorado, AR",37752,88
"El Paso, TX",872195,162
"Elizabeth City, NC",54148,178
"Elizabethtown-Fort Knox, KY",157026,157
"Elk City, OK",22009,103
"Elkhart-Goshen, IN",206890,138
"Elkins, WV",27600,131
"Elko, NV",55909,220
"Ellensburg, WA",45189,389
"Elmira, NY",81426,102
"Emporia, KS",34446,108
"Enid, OK",61920,114
"Enterprise, AL",54805,143
"Erie, PA",267689,136
"Escanaba, MI",36741,141
"Espanola, NM",40048,232
"Eugene-Springfield, OR",382353,300
"Eureka-Arcata, CA",135010,292
"Evanston, WY",20712,166
"Evansville, IN-KY",314038,134
"Fairbanks, AK",95356,184
"Fairfield, IA",15698,140
"Fairmont, WV",55952,122
"Fallon, NV",25843,237
"Fargo, ND-MN",258663,154
"Faribault-Northfield, MN",67693,183
"Farmington, MO",66969,134
"Farmington, NM",120418,166
"Fayetteville-Springdale-Rogers, AR",576403,202
"Fayetteville, NC",529318,160
"Fergus Falls, MN",60519,213
"Fernley, NV",61585,240
"Findlay, OH",74861,140
"Fitzgerald, GA",17069,95
"Flagstaff, AZ",144060,380
"Flint, MI",401983,129
"Florence-Muscle Shoals, AL",153911,147
"Florence, SC",199119,138
"Fond du Lac, WI",103836,165
"Forest City, NC",64963,212
"Forrest City, AR",22451,79
"Fort Collins, CO",366778,279
"Fort Dodge, IA",36626,112
"Fort Leonard Wood, MO",53941,113
"Fort Madison-Keokuk, IA-IL-MO",56807,85
"Fort Morgan, CO",29239,171
"Fort Polk South, LA",47247,116
"Fort Smith, AR-OK",247072,140
"Fort Wayne, IN",426076,151
"Frankfort, IN",32843,146
"Frankfort, KY",75831,159
"Fredericksburg, TX",27477,418
"Freeport, IL",43627,81
"Fremont, NE",36997,157
"Fremont, OH",58667,119
"Fresno, CA",1015190,252
"Gadsden, AL",103088,115
"Gaffney, SC",56121,151
"Gainesville, FL",348282,209
"Gainesville, GA",212692,202
"Gainesville, TX",43050,205
"Galesburg, IL",48640,82
"Gallup, NM",69830,131
"Garden City, KS",41505,209
"Gardnerville Ranchos, NV",49628,454
"Georgetown, SC",64722,272
"Gettysburg, PA",106027,198
"Gillette, WY",61366,159
"Glasgow, KY",55224,142
"Glens Falls, NY",126440,213
"Glenwood Springs, CO",79147,977
"Gloversville, NY",52669,138
"Goldsboro, NC",117286,150
"Grand Forks, ND-MN",103144,131
"Grand Island, NE",76333,126
"Grand Junction, CO",158636,272
"Grand Rapids-Kentwood, MI",1094198,196
"Grants Pass, OR",87730,270
"Grants, NM",26950,107
"Great Bend, KS",25080,89
"Great Falls, MT",84864,186
"Greeley, CO",350176,211
"Green Bay, WI",330292,207
"Greeneville, TN",71405,196
"Greensboro-High Point, NC",784101,174
"Greensburg, IN",26416,123
"Greenville-Anderson, SC",958958,173
"Greenville, MS",42514,59
"Greenville, NC",173542,162
"Greenville, OH",51529,120
"Greenwood, MS",36301,82
"Greenwood, SC",69267,150
"Grenada, MS",21088,96
"Gulfport-Biloxi, MS",420782,155
"Guymon, OK",20495,129
"Hagerstown-Martinsburg, MD-WV",302510,178
"Hailey, ID",26019,858
"Hammond, LA",137048,145
"Hanford-Corcoran, CA",152981,231
"Hannibal, MO",38858,120
"Harrisburg-Carlisle, PA",603493,165
"Harrison, AR",45362,165
"Harrisonburg, VA",136555,195
"Hartford-East Hartford-Middletown, CT",1221725,211
"Hastings, NE",30970,108
"Hattiesburg, MS",173359,144
"Hays, KS",28941,121
"Heber, UT",79655,616
"Helena-West Helena, AR",15304,65
"Helena, MT",86658,295
"Henderson, NC",42138,161
"Hereford, TX",18377,133
"Hermiston-Pendleton, OR",92515,216
"Hickory-Lenoir-Morganton, NC",368347,196
"Hillsdale, MI",45762,130
"Hilo, HI",206315,448
"Hilton Head Island-Bluffton, SC",228410,357
"Hinesville, GA",86378,147
"Hobbs, NM",72452,122
"Holland, MI",121210,215
"Homosassa Springs, FL",162529,199
"Hood River, OR",24048,392
"Hot Springs, AR",100089,179
"Houghton, MI",39215,143
"Houma-Thibodaux, LA",200656,132
"Houston-The Woodlands-Sugar Land, TX",7340118,175
"Hudson, NY",61286,298
"Huntingdon, PA",43281,160
"Huntington-Ashland, WV-KY-OH",354304,106
"Huntington, IN",36834,122
"Huntsville, AL",514465,172
"Huntsville, TX",78870,164
"Huron, SD",21026,101
"Hutchinson, KS",61516,92
"Hutchinson, MN",36714,154
"Idaho Falls, ID",165608,168
"Indiana, PA",82957,90
"Indianapolis-Carmel-Anderson, IN",2141779,152
"Indianola, MS",24811,75
"Iowa City, IA",178991,174
"Iron Mountain, MI-WI",30562,127
"Ithaca, NY",104777,188
"Jackson, MI",160066,135
"Jackson, MS",583197,137
"Jackson, OH",32586,139
"Jackson, TN",181579,150
"Jackson, WY-ID",35831,984
"Jacksonville, FL",1675668,228
"Jacksonville, IL",36999,77
"Jacksonville, NC",207298,175
"Jacksonville, TX",51645,166
"Jamestown-Dunkirk-Fredonia, NY",126027,103
"Jamestown, ND",21487,114
"Janesville-Beloit, WI",164060,171
"Jasper, IN",55800,127
"Jefferson City, MO",150350,140
"Jefferson, GA",83936,188
"Jesup, GA",30896,150
"Johnson City, TN",210256,196
"Johnstown, PA",131441,75
"Jonesboro, AR",135512,137
"Joplin, MO",184086,137
"Juneau, AK",31685,284
"Kahului-Wailuku-Lahaina, HI",164351,1084
"Kalamazoo-Portage, MI",261173,159
"Kalispell, MT",111814,421
"Kankakee, IL",106074,141
"Kansas City, MO-KS",2209494,192
"Kapaa, HI",73810,1017
"Kearney, NE",57276,127
"Keene, NH",77350,221
"Kendallville, IN",47367,154
"Kennett, MO",27406,70
"Kennewick-Richland, WA",311469,256
"Kerrville, TX",53741,253
"Ketchikan, AK",13741,264
"Key West, FL",81708,979
"Kill Devil Hills, NC",37956,381
"Killeen-Temple, TX",496228,171
"Kingsport-Bristol, TN-VA",311272,165
"Kingston, NY",182319,287
"Kingsville, TX",30720,131
"Kinston, NC",54633,134
"Kirksville, MO",29167,121
"Klamath Falls, OR",70212,218
"Knoxville, TN",907968,218
"Kokomo, IN",83574,111
"La Crosse-Onalaska, WI-MN",139094,168
"La Grande, OR",26177,207
"Laconia, NH",64781,327
"Lafayette-West Lafayette, IN",226452,155
"Lafayette, LA",481125,148
"LaGrange, GA-AL",104279,150
"Lake Charles, LA",207320,129
"Lake City, FL",71908,178
"Lake Havasu City-Kingman, AZ",220816,254
"Lakeland-Winter Haven, FL",787404,200
"Lamesa, TX",12130,90
"Lancaster, PA",556629,193
"Lansing-East Lansing, MI",540870,137
"Laramie, WY",38031,210
"Laredo, TX",267780,152
"Las Cruces, NM",223337,182
"Las Vegas-Henderson-Paradise, NV",2322985,258
"Las Vegas, NM",31122,183
"Laurel, MS",82736,112
"Laurinburg, NC",34162,118
"Lawrence, KS",119964,185
"Lawrenceburg, TN",45415,184
"Lawton, OK",128523,112
"Lebanon, MO",36313,141
"Lebanon, PA",144011,183
"Levelland, TX",21161,108
"Lewisburg, PA",42744,168
"Lewisburg, TN",35878,221
"Lewiston-Auburn, ME",113023,204
"Lewiston, ID-WA",65512,199
"Lewistown, PA",45988,102
"Lexington-Fayette, KY",517916,183
"Lexington, NE",25692,132
"Liberal, KS",21358,96
"Lima, OH",101115,118
"Lincoln, IL",27591,86
"Lincoln, NE",342448,172
"Little Rock-North Little Rock-Conway, AR",757615,149
"Lock Haven, PA",37931,124
"Logan, UT-ID",155362,203
"Logansport, IN",37540,94
"London, KY",149462,133
"Longview, TX",291219,144
"Longview, WA",111956,271
"Los Alamos, NM",19187,283
"Los Angeles-Long Beach-Anaheim, CA",12872322,663
"Louisville/Jefferson County, KY-IN",1284553,167
"Lubbock, TX",328283,145
"Ludington, MI",29409,195
"Lufkin, TX",87101,146
"Lumberton, NC",116663,138
"Lynchburg, VA",263613,181
"Macomb, IL",26861,61
"Macon-Bibb County, GA",233916,122
"Madera, CA",160256,249
"Madison, IN",32946,165
"Madison, WI",687077,230
"Madisonville, KY",44812,121
"Magnolia, AR",22216,107
"Malone, NY",46373,146
"Malvern, AR",33203,121
"Manchester-Nashua, NH",426594,270
"Manhattan, KS",133072,113
"Manitowoc, WI",81172,142
"Mankato, MN",104072,145
"Mansfield, OH",125319,116
"Marietta, OH",58901,122
"Marinette, WI-MI",65254,142
"Marion, IN",66022,90
"Marion, NC",44753,234
"Marion, OH",64642,125
"Marquette, MI",66661,211
"Marshall, MN",25262,119
"Marshall, MO",23007,113
"Marshalltown, IA",39879,123
"Martin, TN",33063,132
"Martinsville, VA",63631,110
"Maryville, MO",20670,107
"Mason City, IA",49728,126
"Mayfield, KY",36412,123
"Maysville, KY",16930,76
"McAlester, OK",43613,128
"McAllen-Edinburg-Mission, TX",888367,153
"McComb, MS",39644,83
"McMinnville, TN",42026,194
"McPherson, KS",30012,112
"Meadville, PA",82670,119
"Medford, OR",221644,289
"Memphis, TN-MS-AR",1332305,161
"Menomonie, WI",45651,145
"Merced, CA",290014,263
"Meridian, MS",94829,95
"Mexico, MO",24434,105
"Miami-Fort Lauderdale-Pompano Beach, FL",6139340,405
"Miami, OK",30338,98
"Michigan City-La Porte, IN",111675,151
"Middlesborough, KY",23568,101
"Midland, MI",83674,157
"Midland, TX",177216,184
"Milledgeville, GA",52022,149
"Milwaukee-Waukesha, WI",1559792,193
"Mineral Wells, TX",29239,232
"Minneapolis-St. Paul-Bloomington, MN-WI",3693729,209
"Minot, ND",76279,119
"Missoula, MT",121041,348
"Mitchell, SD",23434,145
"Moberly, MO",24622,103
"Mobile, AL",426533,139
"Modesto, CA",551275,293
"Monroe, LA",202869,122
"Monroe, MI",155609,163
"Montgomery, AL",385460,132
"Montrose, CO",48911,300
"Morehead City, NC",69380,327
"Morgan City, LA",47789,102
"Morgantown, WV",141041,161
"Morristown, TN",146172,223
"Moscow, ID",40978,250
"Moses Lake, WA",101311,243
"Moultrie, GA",45762,146
"Mount Airy, NC",71403,191
"Mount Pleasant, MI",64447,131
"Mount Pleasant, TX",43924,170
"Mount Sterling, KY",47446,147
"Mount Vernon-Anacortes, WA",131179,365
"Mount Vernon, IL",36400,88
"Mount Vernon, OH",63183,169
"Mountain Home, AR",42435,149
"Mountain Home, ID",29403,220
"Muncie, IN",112031,94
"Murray, KY",37685,137
"Muscatine, IA",42377,119
"Muskegon, MI",176565,163
"Muskogee, OK",66354,122
"Myrtle Beach-Conway-North Myrtle Beach, SC-NC",536165,234
"Nacogdoches, TX",64862,139
"Napa, CA",134300,757
"Naples-Marco Island, FL",397994,490
"Nashville-Davidson--Murfreesboro--Franklin, TN",2046828,260
"Natchez, MS-LA",46524,110
"Natchitoches, LA",36663,134
"New Bern, NC",122488,186
"New Castle, IN",48915,118
"New Castle, PA",84849,83
"New Haven-Milford, CT",869527,226
"New Orleans-Metairie, LA",1246176,181
"New Philadelphia-Dover, OH",91937,117
"New Ulm, MN",25723,87
"New York-Newark-Jersey City, NY-NJ-PA",19617869,491
"Newberry, SC",38247,162
"Newport, OR",50813,357
"Newport, TN",36879,220
"Niles, MI",152900,180
"Nogales, AZ",48759,197
"Norfolk, NE",48417,139
"North Platte, NE",34732,145
"North Port-Sarasota-Bradenton, FL",891411,302
"North Vernon, IN",27536,132
"North Wilkesboro, NC",65784,228
"Norwalk, OH",58218,112
"Norwich-New London, CT",268681,240
"Oak Harbor, WA",86625,381
"Ocala, FL",396415,191
"Ocean City, NJ",95634,661
"Odessa, TX",160869,144
"Ogden-Clearfield, UT",713839,220
"Ogdensburg-Massena, NY",107733,93
"Oil City, PA",49777,95
"Okeechobee, FL",40412,223
"Oklahoma City, OK",1459380,170
"Olean, NY",76439,106
"Olympia-Lacey-Tumwater, WA",298758,285
"Omaha-Council Bluffs, NE-IA",976671,179
"Oneonta, NY",60636,158
"Ontario, OR-ID",58835,233
"Opelousas, LA",81773,107
"Orangeburg, SC",83094,138
"Orlando-Kissimmee-Sanford, FL",2764182,238
"Oshkosh-Neenah, WI",170718,168
"Oskaloosa, IA",21946,106
"Othello, WA",20961,219
"Ottawa, IL",146478,123
"Ottawa, KS",25992,148
"Ottumwa, IA",35043,114
"Owatonna, MN",37398,148
"Owensboro, KY",121348,148
"Oxford, MS",57615,241
"Oxnard-Thousand Oaks-Ventura, CA",832605,539
"Ozark, AL",49544,113
"Paducah, KY-IL",97999,122
"Pahrump, NV",54738,206
"Palatka, FL",74731,207
"Palestine, TX",58064,142
"Palm Bay-Melbourne-Titusville, FL",630693,236
"Pampa, TX",21818,97
"Panama City, FL",185134,340
"Paragould, AR",46448,123
"Paris, TN",32379,165
"Paris, TX",50484,136
"Parkersburg-Vienna, WV",88431,105
"Parsons, KS",19757,71
"Payson, AZ",53922,296
"Pecos, TX",12956,133
"Pensacola-Ferry Pass-Brent, FL",523146,202
"Peoria, IL",396466,96
"Peru, IN",35674,90
"Philadelphia-Camden-Wilmington, PA-NJ-DE-MD",6241164,217
"Phoenix-Mesa-Chandler, AZ",5015678,277
"Picayune, MS",57261,151
"Pierre, SD",20691,234
"Pine Bluff, AR",84629,80
"Pinehurst-Southern Pines, NC",105531,200
"Pittsburg, KS",39078,99
"Pittsburgh, PA",2349172,158
"Pittsfield, MA",127859,267
"Plainview, TX",31827,102
"Platteville, WI",51276,132
"Plattsburgh, NY",78753,132
"Plymouth, IN",46332,157
"Pocatello, ID",97585,182
"Point Pleasant, WV-OH",54068,117
"Ponca City, OK",43668,84
"Pontiac, IL",35521,78
"Poplar Bluff, MO",52882,113
"Port Angeles, WA",77805,318
"Port Lavaca, TX",19706,198
"Port St. Lucie, FL",520710,267
"Portales, NM",18934,116
"Portland-South Portland, ME",561576,351
"Portland-Vancouver-Hillsboro, OR-WA",2509489,315
"Portsmouth, OH",72194,116
"Pottsville, PA",143104,86
"Prescott Valley-Prescott, AZ",246191,320
"Price, UT",20571,150
"Prineville, OR",26375,326
"Providence-Warwick, RI-MA",1673802,303
"Provo-Orem, UT",715001,215
"Pueblo, CO",169544,175
"Pullman, WA",47619,195
"Punta Gorda, FL",202661,256
"Quincy, IL-MO",74616,106
"Racine, WI",195846,186
"Raleigh-Cary, NC",1484338,218
"Rapid City, SD",145159,226
"Raymondville, TX",20143,144
"Reading, PA",430449,167
"Red Bluff, CA",65245,239
"Red Wing, MN",48013,170
"Redding, CA",180930,246
"Reno, NV",500915,332
"Rexburg, ID",68954,256
"Richmond-Berea, KY",109231,166
"Richmond, IN",66273,90
"Richmond, VA",1339182,214
"Rio Grande City-Roma, TX",65728,113
"Riverside-San Bernardino-Ontario, CA",4667558,334
"Riverton, WY",39472,195
"Roanoke Rapids, NC",64627,116
"Roanoke, VA",314340,176
"Rochelle, IL",51351,116
"Rochester, MN",228073,180
"Rochester, NY",1081152,152
"Rock Springs, WY",41345,138
"Rockford, IL",335342,110
"Rockingham, NC",42778,133
"Rocky Mount, NC",144090,151
"Rolla, MO",45313,132
"Rome, GA",99443,163
"Roseburg, OR",112297,243
"Roswell, NM",63894,120
"Russellville, AR",84194,131
"Ruston, LA",48129,156
"Rutland, VT",60366,210
"Sacramento-Roseville-Folsom, CA",2416702,345
"Safford, AZ",38779,181
"Saginaw, MI",188330,109
"Salem, OH",100511,119
"Salem, OR",436317,281
"Salina, KS",59391,145
"Salinas, CA",432858,678
"Salisbury, MD-DE",439032,261
"Salt Lake City, UT",1266191,256
"San Angelo, TX",121839,165
"San Antonio-New Braunfels, TX",2655342,185
"San Diego-Chula Vista-Carlsbad, CA",3276208,618
"San Francisco-Oakland-Berkeley, CA",4579599,728
"San Jose-Sunnyvale-Santa Clara, CA",1938524,837
"San Luis Obispo-Paso Robles, CA",282013,578
"Sandpoint, ID",51414,409
"Sandusky, OH",74501,180
"Sanford, NC",65476,182
"Santa Cruz-Watsonville, CA",264370,736
"Santa Fe, NM",155664,388
"Santa Maria-Santa Barbara, CA",443837,950
"Santa Rosa-Petaluma, CA",482650,552
"Sault Ste. Marie, MI",36293,153
"Savannah, GA",418373,215
"Sayre, PA",59866,108
"Scottsbluff, NE",37390,164
"Scottsboro, AL",52891,146
"Scranton--Wilkes-Barre, PA",567998,130
"Searcy, AR",77755,131
"Seattle-Tacoma-Bellevue, WA",4034248,440
"Sebastian-Vero Beach, FL",167352,263
"Sebring-Avon Park, FL",105618,188
"Sedalia, MO",43353,127
"Selinsgrove, PA",39652,162
"Selma, AL",36767,54
"Seneca Falls, NY",32882,133
"Seneca, SC",80180,217
"Sevierville, TN",98789,407
"Seymour, IN",46300,143
"Shawano, WI",45083,162
"Shawnee, OK",73533,148
"Sheboygan, WI",117841,180
"Shelby, NC",100670,177
"Shelbyville, TN",51950,211
"Shelton, WA",68166,303
"Sheridan, WY",32096,297
"Sherman-Denison, TX",143131,195
"Show Low, AZ",108650,276
"Shreveport-Bossier City, LA",385154,126
"Sidney, OH",47671,141
"Sierra Vista-Douglas, AZ",125663,183
"Sikeston, MO",37840,107
"Silver City, NM",27686,175
"Sioux City, IA-NE-SD",149240,141
"Sioux Falls, SD",289592,204
"Snyder, TX",16686,93
"Somerset, KY",65795,142
"Somerset, PA",72710,130
"Sonora, CA",54531,263
"South Bend-Mishawaka, IN-MI",323637,140
"Spartanburg, SC",345831,165
"Spearfish, SD",27214,310
"Spencer, IA",16475,122
"Spirit Lake, IA",18028,223
"Spokane-Spokane Valley, WA",597919,225
"Springfield, IL",206655,100
"Springfield, MA",694523,222
"Springfield, MO",487061,162
"Springfield, OH",134831,140
"St. Cloud, MN",201868,166
"St. George, UT",197680,298
"St. Joseph, MO-KS",119690,115
"St. Louis, MO-IL",2801319,156
"St. Marys, GA",57013,178
"Starkville, MS",61420,188
"State College, PA",158425,194
"Statesboro, GA",83059,165
"Staunton, VA",126776,193
"Steamboat Springs, CO",25007,620
"Stephenville, TX",43895,217
"Sterling, CO",20823,150
"Sterling, IL",54658,90
"Stevens Point, WI",70718,162
"Stillwater, OK",82794,154
"Stockton, CA",793229,312
"Storm Lake, IA",20600,117
"Sturgis, MI",60874,132
"Sulphur Springs, TX",37804,185
"Summerville, GA",24936,154
"Sumter, SC",134925,138
"Sunbury, PA",90133,99
"Susanville, CA",29904,181
"Sweetwater, TX",14473,106
"Syracuse, NY",653633,149
"Tahlequah, OK",48098,147
"Talladega-Sylacauga, AL",80704,129
"Tallahassee, FL",390992,194
"Tampa-St. Petersburg-Clearwater, FL",3290730,259
"Taos, NM",34580,323
"Taylorville, IL",33436,84
"Terre Haute, IN",184875,91
"Texarkana, TX-AR",146408,126
"The Dalles, OR",26561,223
"The Villages, FL",144970,260
"Thomaston, GA",28086,137
"Thomasville, GA",45561,175
"Tiffin, OH",54632,110
"Tifton, GA",41412,143
"Toccoa, GA",26767,183
"Toledo, OH",640384,131
"Topeka, KS",231783,120
"Torrington, CT",186116,256
"Traverse City, MI",155813,296
"Trenton-Princeton, NJ",380688,248
"Troy, AL",33014,116
"Truckee-Grass Valley, CA",102293,347
"Tucson, AZ",1057597,226
"Tullahoma-Manchester, TN",110412,206
"Tulsa, OK",1034123,161
"Tupelo, MS",163043,125
"Tuscaloosa, AL",277494,164
"Twin Falls, ID",119007,234
"Tyler, TX",241922,187
"Ukiah, CA",89783,399
"Union City, TN",30394,120
"Urban Honolulu, HI",995638,669
"Urbana, OH",38709,144
"Utica-Rome, NY",288668,143
"Uvalde, TX",24940,175
"Valdosta, GA",149849,154
"Vallejo, CA",448747,345
"Van Wert, OH",28769,140
"Vermillion, SD",15280,136
"Vernal, UT",37141,177
"Vernon, TX",12491,89
"Vicksburg, MS",42649,91
"Victoria, TX",98196,154
"Vidalia, GA",35492,130
"Vincennes, IN",35789,99
"Vineland-Bridgeton, NJ",151356,172
"Vineyard Haven, MA",20868,1260
"Virginia Beach-Norfolk-Newport News, VA-NC",1806840,200
"Visalia, CA",477544,234
"Wabash, IN",30828,107
"Waco, TX",283885,183
"Wahpeton, ND-MN",22930,134
"Walla Walla, WA",61890,251
"Wapakoneta, OH",45948,145
"Warner Robins, GA",198193,147
"Warren, PA",37808,96
"Warrensburg, MO",54368,160
"Warsaw, IN",80826,166
"Washington Court House, OH",28839,137
"Washington-Arlington-Alexandria, DC-VA-MD-WV",6373756,306
"Washington, IN",33418,132
"Washington, NC",44272,172
"Waterloo-Cedar Falls, IA",167889,137
"Watertown-Fort Atkinson, WI",85784,178
"Watertown-Fort Drum, NY",116637,133
"Watertown, SD",35073,239
"Wauchula, FL",25645,184
"Wausau-Weston, WI",166334,157
"Waycross, GA",55782,121
"Weatherford, OK",27886,114
"Weirton-Steubenville, WV-OH",114235,108
"Wenatchee, WA",124118,324
"West Plains, MO",40631,133
"Wheeling, WV-OH",136708,107
"Whitewater, WI",105380,251
"Wichita Falls, TX",149299,127
"Wichita, KS",650039,141
"Williamsport, PA",113104,133
"Williston, ND",38109,174
"Willmar, MN",43839,151
"Wilmington, NC",300658,265
"Wilmington, OH",41964,147
"Wilson, NC",78449,148
"Winchester, VA-WV",146455,208
"Winnemucca, NV",17272,232
"Winona, MN",49478,148
"Winston-Salem, NC",688471,165
"Wisconsin Rapids-Marshfield, WI",73993,126
"Woodward, OK",23647,84
"Wooster, OH",116559,145
"Worcester, MA-CT",980137,265
"Worthington, MN",21947,145
"Yakima, WA",257001,229
"Yankton, SD",23373,135
"York-Hanover, PA",461058,163
"Youngstown-Warren-Boardman, OH-PA",535499,109
"Yuba City, CA",182813,261
"Yuma, AZ",207842,213
"Zanesville, OH",86113,125
"Zapata, TX",13849,114